WS,NAMOBJ,luas_km2
WS ACEH-MEUREUDU,Aceh Besar,2841.0469817684047
WS ACEH-MEUREUDU,Aceh Jaya,11.073147035142869
WS ACEH-MEUREUDU,Bireuen,158.36638534114547
WS ACEH-MEUREUDU,Kota Banda Aceh,56.7205259507568
WS ACEH-MEUREUDU,Kota Sabang,122.02997326804989
WS ACEH-MEUREUDU,Pidie,1409.2771900045989
WS ACEH-MEUREUDU,Pidie Jaya,936.7434654237863
WS AMBON-SERAM,Kota Ambon,236.6577206314164
WS AMBON-SERAM,Maluku,2.3034618591226512
WS AMBON-SERAM,Maluku Tengah,8253.91480433703
WS AMBON-SERAM,Seram Bagian Barat,5016.916050516601
WS AMBON-SERAM,Seram Bagian Timur,5725.446584080358
WS ANAI-SIBERUT-PAGAI-SIPORA,Agam,668.435832959665
WS ANAI-SIBERUT-PAGAI-SIPORA,Kepulauan Mentawai,5983.22246540741
WS ANAI-SIBERUT-PAGAI-SIPORA,Kota Padang,638.4526741348947
WS ANAI-SIBERUT-PAGAI-SIPORA,Kota Padang Panjang,11.298586466045816
WS ANAI-SIBERUT-PAGAI-SIPORA,Kota Pariaman,64.76723515113994
WS ANAI-SIBERUT-PAGAI-SIPORA,Kota Solok,0.0347217262507601
WS ANAI-SIBERUT-PAGAI-SIPORA,Padang Pariaman,1342.155291246983
WS ANAI-SIBERUT-PAGAI-SIPORA,Pesisir Selatan,0.5332595988669475
WS ANAI-SIBERUT-PAGAI-SIPORA,Solok,7.125892127284977
WS ANAI-SIBERUT-PAGAI-SIPORA,Sumatera Barat,0.0682825871474015
WS ANAI-SIBERUT-PAGAI-SIPORA,Tanah Datar,154.6735824600654
WS ASAHAN TOBA,Asahan,3126.997178683532
WS ASAHAN TOBA,Batu Bara,32.72306316096554
WS ASAHAN TOBA,Dairi,155.33001588146632
WS ASAHAN TOBA,Humbang Hasundutan,377.700716297597
WS ASAHAN TOBA,Karo,79.82463817004805
WS ASAHAN TOBA,Kota Tanjung Balai,60.07206217912066
WS ASAHAN TOBA,Labuhanbatu Utara,0.8795979269141133
WS ASAHAN TOBA,Samosir,1576.4934827556294
WS ASAHAN TOBA,Simalungun,519.3078236654069
WS ASAHAN TOBA,Tapanuli Utara,263.3123403849892
WS ASAHAN TOBA,Toba,1215.9106758600478
WS BALI-PENIDA,Badung,398.7492472883962
WS BALI-PENIDA,Bangli,526.7640505728754
WS BALI-PENIDA,Buleleng,1322.682039353759
WS BALI-PENIDA,Gianyar,364.3581635590576
WS BALI-PENIDA,Jembrana,849.1337608696247
WS BALI-PENIDA,Karangasem,839.317446461814
WS BALI-PENIDA,Klungkung,313.9600769060663
WS BALI-PENIDA,Kota Denpasar,125.87164561899375
WS BALI-PENIDA,Tabanan,849.314045499227
WS BANGKA,Bangka,3016.846793861531
WS BANGKA,Bangka Barat,2851.408284034936
WS BANGKA,Bangka Selatan,3598.238733765574
WS BANGKA,Bangka Tengah,2259.981634198941
WS BANGKA,Kota Pangkal Pinang,104.541536916082
WS BARITO,Balangan,1823.2667600071784
WS BARITO,Banjar,4481.718920428536
WS BARITO,Barito Kuala,2425.998686152488
WS BARITO,Barito Selatan,6267.084173959291
WS BARITO,Barito Timur,3212.515244965149
WS BARITO,Barito Utara,9858.07380710458
WS BARITO,Gunung Mas,210.94818423386107
WS BARITO,Hulu Sungai Selatan,1695.8883265405725
WS BARITO,Hulu Sungai Tengah,1387.3012414569027
WS BARITO,Hulu Sungai Utara,907.49076848499
WS BARITO,Kapuas,16812.66059023936
WS BARITO,Kapuas Hulu,2.61313902821878
WS BARITO,Kota Banjarbaru,305.1526485605381
WS BARITO,Kota Banjarmasin,98.37205357877365
WS BARITO,Kotabaru,39.82577448978408
WS BARITO,Kutai Barat,39.08373026801714
WS BARITO,Mahakam Ulu,37.59504142086666
WS BARITO,Murung Raya,23531.325948922597
WS BARITO,Paser,13.099923926793377
WS BARITO,Pulang Pisau,390.3236390947448
WS BARITO,Sintang,3.2852940022447785
WS BARITO,Tabalong,3344.401083683213
WS BARITO,Tanah Bumbu,55.66470229809276
WS BARITO,Tanah Laut,1501.2882390608502
WS BARITO,Tapin,2155.938994970551
WS BARU-KLUET,Aceh Barat Daya,417.7023771853273
WS BARU-KLUET,Aceh Selatan,3626.6290054086166
WS BARU-KLUET,Aceh Tenggara,952.514984908778
WS BARU-KLUET,Gayo Lues,320.0982472737068
WS BARU-KLUET,Kota Subulussalam,32.15235808969095
WS BARUMUN-KUALUH,Asahan,273.9340027201127
WS BARUMUN-KUALUH,Labuhanbatu,2751.008818625187
WS BARUMUN-KUALUH,Labuhanbatu Selatan,2278.083084544958
WS BARUMUN-KUALUH,Labuhanbatu Utara,3685.133204565308
WS BARUMUN-KUALUH,Mandailing Natal,9.009315958888727
WS BARUMUN-KUALUH,Padang Lawas,1805.871957295598
WS BARUMUN-KUALUH,Padang Lawas Utara,3404.0091921971843
WS BARUMUN-KUALUH,Rokan Hilir,139.79432695044642
WS BARUMUN-KUALUH,Tapanuli Selatan,1154.359199262576
WS BARUMUN-KUALUH,Tapanuli Utara,807.1259297074108
WS BARUMUN-KUALUH,Toba,1075.705379692493
WS BATANG ANGKOLA-BATANG GADIS,Kota Padang Sidempuan,159.29837477793615
WS BATANG ANGKOLA-BATANG GADIS,Mandailing Natal,3826.883310285196
WS BATANG ANGKOLA-BATANG GADIS,Padang Lawas,4.623169411237947
WS BATANG ANGKOLA-BATANG GADIS,Padang Lawas Utara,2.233266373503335
WS BATANG ANGKOLA-BATANG GADIS,Pasaman,0.9177185609012908
WS BATANG ANGKOLA-BATANG GADIS,Pasaman Barat,0.0011894688437916
WS BATANG ANGKOLA-BATANG GADIS,Tapanuli Selatan,1527.9221431845085
WS BATANG GANGSAL,Indragiri Hilir,2433.849901883181
WS BATANG GANGSAL,Indragiri Hulu,1217.682636169017
WS BATANG GANGSAL,Tanjung Jabung Barat,42.213206172415376
WS BATANG GANGSAL,Tebo,3.1571286091644524
WS BATANG NATAL-BATANG BATAHAN,Mandailing Natal,2231.030413571183
WS BATANG NATAL-BATANG BATAHAN,Nias Selatan,1204.8722787659558
WS BATANG NATAL-BATANG BATAHAN,Pasaman Barat,672.8770591100167
WS BATANGHARI,Batanghari,4465.9159061858645
WS BATANGHARI,Bungo,4760.82699010068
WS BATANGHARI,Dharmasraya,2810.8289549620954
WS BATANGHARI,Indragiri Hilir,1.3980510343195425
WS BATANGHARI,Indragiri Hulu,26.912563351171222
WS BATANGHARI,Kerinci,2657.8386606554764
WS BATANGHARI,Kota Jambi,168.0950800791116
WS BATANGHARI,Kota Sungai Penuh,152.76070475926272
WS BATANGHARI,Kuantan Singingi,100.739567706873
WS BATANGHARI,Lebong,1.2778494918686298
WS BATANGHARI,Merangin,6669.786098175135
WS BATANGHARI,Muaro Jambi,3539.817791064983
WS BATANGHARI,Musi Banyuasin,97.26528834282736
WS BATANGHARI,Musi Rawas Utara,55.53511395610808
WS BATANGHARI,Pesisir Selatan,2.6012820019118754
WS BATANGHARI,Sarolangun,5560.001241859706
WS BATANGHARI,Sijunjung,661.0219638219513
WS BATANGHARI,Solok,1528.9573249571636
WS BATANGHARI,Solok Selatan,3278.704995352365
WS BATANGHARI,Tanjung Jabung Barat,35.98589820854573
WS BATANGHARI,Tanjung Jabung Timur,3152.154358081921
WS BATANGHARI,Tebo,6076.773973051118
WS BELAWAN-ULAR-PADANG,Batu Bara,16.501216697381043
WS BELAWAN-ULAR-PADANG,Deli Serdang,2515.149109737167
WS BELAWAN-ULAR-PADANG,Karo,43.35542860985117
WS BELAWAN-ULAR-PADANG,Kota Binjai,30.71864440846428
WS BELAWAN-ULAR-PADANG,Kota Medan,279.2904334768065
WS BELAWAN-ULAR-PADANG,Kota Tebing Tinggi,39.16968588681395
WS BELAWAN-ULAR-PADANG,Langkat,179.47101315850327
WS BELAWAN-ULAR-PADANG,Serdang Bedagai,1941.8976676169395
WS BELAWAN-ULAR-PADANG,Simalungun,1181.8048320327737
WS BELITUNG,Belitung,2270.6927764650222
WS BELITUNG,Belitung Timur,2586.970478240057
WS BENAIN,Belu,1127.2500835163244
WS BENAIN,Malaka,1109.1620444499906
WS BENAIN,Timor Tengah Selatan,1786.416476250073
WS BENAIN,Timor Tengah Utara,2443.307803178182
WS BENGAWAN SOLO,Blora,976.6204016322054
WS BENGAWAN SOLO,Bojonegoro,2310.629221897489
WS BENGAWAN SOLO,Boyolali,579.4561068350832
WS BENGAWAN SOLO,Gresik,1123.217864426088
WS BENGAWAN SOLO,Grobogan,11.2927975863765
WS BENGAWAN SOLO,Gunungkidul,77.17336156718488
WS BENGAWAN SOLO,Jawa Timur,0.101492056391947
WS BENGAWAN SOLO,Jombang,24.573623942311613
WS BENGAWAN SOLO,Karanganyar,803.0214893665323
WS BENGAWAN SOLO,Klaten,663.3638567715545
WS BENGAWAN SOLO,Kota Madiun,36.12598495455005
WS BENGAWAN SOLO,Kota Surabaya,60.6984663122912
WS BENGAWAN SOLO,Kota Surakarta,46.71839790534276
WS BENGAWAN SOLO,Lamongan,1752.5167372417854
WS BENGAWAN SOLO,Madiun,944.6412467116534
WS BENGAWAN SOLO,Magetan,706.4435645789757
WS BENGAWAN SOLO,Mojokerto,77.63377170025205
WS BENGAWAN SOLO,Nganjuk,4.029261644986737
WS BENGAWAN SOLO,Ngawi,1395.7454823135447
WS BENGAWAN SOLO,Pacitan,1428.8926733611588
WS BENGAWAN SOLO,Ponorogo,1348.9912486475157
WS BENGAWAN SOLO,Rembang,103.86440414066134
WS BENGAWAN SOLO,Semarang,44.53435559087545
WS BENGAWAN SOLO,Sleman,6.186868569168799
WS BENGAWAN SOLO,Sragen,861.0468199192723
WS BENGAWAN SOLO,Sukoharjo,493.2990794145074
WS BENGAWAN SOLO,Trenggalek,38.02628713336747
WS BENGAWAN SOLO,Tuban,1958.2068534056568
WS BENGAWAN SOLO,Wonogiri,1760.1461171792982
WS BENGKALIS-MERANTI,Bengkalis,2426.8388775954786
WS BENGKALIS-MERANTI,Kepulauan Meranti,3623.558464619279
WS BENGKULU-ALAS-TALO,Bengkulu Selatan,21.93053937118596
WS BENGKULU-ALAS-TALO,Bengkulu Tengah,615.0381024166725
WS BENGKULU-ALAS-TALO,Empat Lawang,2.286071192499023
WS BENGKULU-ALAS-TALO,Kepahiang,1.025578628355827
WS BENGKULU-ALAS-TALO,Kota Bengkulu,150.2855805278197
WS BENGKULU-ALAS-TALO,Lahat,1.498224569437063
WS BENGKULU-ALAS-TALO,Seluma,2412.755156672089
WS BERAU,Berau,17991.76750354741
WS BERAU,Bulungan,1022.4534395732464
WS BERAU,Kutai Timur,932.8680210502904
WS BERAU,Malinau,1.036370994399067
WS BILA WALANAE,Barru,11.206881342294489
WS BILA WALANAE,Bone,2712.585119480696
WS BILA WALANAE,Enrekang,630.6925605461171
WS BILA WALANAE,Gowa,0.3341756832428877
WS BILA WALANAE,Kota Palopo,0.1027665403024513
WS BILA WALANAE,Luwu,1952.9850146730464
WS BILA WALANAE,Maros,522.5749826352211
WS BILA WALANAE,Pangkajene Dan Kepulauan,3.136635459633352
WS BILA WALANAE,Sidenreng Rappang,1494.4066996521312
WS BILA WALANAE,Sinjai,0.024702100696053
WS BILA WALANAE,Soppeng,1357.290570928336
WS BILA WALANAE,Tana Toraja,37.296307498849536
WS BILA WALANAE,Toraja Utara,127.88495490440836
WS BILA WALANAE,Wajo,2608.7119496315777
WS BODRI-KUTO,Banjarnegara,1.702040205543606
WS BODRI-KUTO,Batang,313.04406116321155
WS BODRI-KUTO,Kendal,971.236647111708
WS BODRI-KUTO,Kota Semarang,16.945463137249657
WS BODRI-KUTO,Semarang,41.87909393792991
WS BODRI-KUTO,Temanggung,297.3494901374717
WS BODRI-KUTO,Wonosobo,1.6621722649942845
WS BOLON,Asahan,336.8987110198309
WS BOLON,Batu Bara,838.8898650256302
WS BOLON,Kota Pematangsiantar,75.91856000810685
WS BOLON,Serdang Bedagai,7.264169181344838
WS BOLON,Simalungun,2783.8847182444124
WS BONDOYUDO-BARU,Banyuwangi,1903.082579227084
WS BONDOYUDO-BARU,Bondowoso,51.61676876085373
WS BONDOYUDO-BARU,Jember,3254.832151035988
WS BONDOYUDO-BARU,Lumajang,1724.274125496208
WS BONDOYUDO-BARU,Malang,213.8715021418061
WS BONDOYUDO-BARU,Probolinggo,69.04876239082867
WS BONGKA-MANTAWA,Banggai,8252.881505355368
WS BONGKA-MANTAWA,Morowali Utara,1800.5931360244624
WS BONGKA-MANTAWA,Tojo Una Una,3814.198131125075
WS BRANTAS,Blitar,1745.2181906952237
WS BRANTAS,Bojonegoro,1.9977369936797127
WS BRANTAS,Gresik,129.17272095090462
WS BRANTAS,Jawa Timur,0.8575718982112736
WS BRANTAS,Jombang,1085.2617867329748
WS BRANTAS,Kediri,1523.56312463028
WS BRANTAS,Kota Batu,193.7910557987581
WS BRANTAS,Kota Blitar,33.20315763936684
WS BRANTAS,Kota Kediri,67.23227651579421
WS BRANTAS,Kota Malang,111.076528648991
WS BRANTAS,Kota Mojokerto,20.21717278936634
WS BRANTAS,Kota Surabaya,275.2263276909008
WS BRANTAS,Lamongan,0.1935756812633805
WS BRANTAS,Lumajang,2.0944840087078345
WS BRANTAS,Madiun,168.98574805104403
WS BRANTAS,Malang,3180.5299420759047
WS BRANTAS,Mojokerto,907.0093619277663
WS BRANTAS,Nganjuk,1285.0374108395831
WS BRANTAS,Pacitan,4.700660106838756
WS BRANTAS,Pasuruan,372.86792079577214
WS BRANTAS,Ponorogo,69.62696187854446
WS BRANTAS,Probolinggo,0.0125166913481301
WS BRANTAS,Sidoarjo,724.0404794819741
WS BRANTAS,Trenggalek,1211.2060636187969
WS BRANTAS,Tulungagung,1144.5252619447674
WS BUKIT BATU,Bengkalis,1214.7470529796706
WS BURU,Buru,4915.5664193686725
WS BURU,Buru Selatan,3678.695929724924
WS BUTON,Buton,1669.3286260942803
WS BUTON,Buton Selatan,517.6314607641216
WS BUTON,Buton Utara,1755.8292208294272
WS BUTON,Kota Bau Bau,294.1374221105862
WS BUTON,Muna,411.5494297870844
WS BUTON,Wakatobi,450.4376843787419
WS CENGAL-BATULICIN,Balangan,2.770029581600653
WS CENGAL-BATULICIN,Banjar,106.67093924582744
WS CENGAL-BATULICIN,Hulu Sungai Selatan,1.3359620794954443
WS CENGAL-BATULICIN,Hulu Sungai Tengah,186.23693771433585
WS CENGAL-BATULICIN,Kotabaru,6918.704556658113
WS CENGAL-BATULICIN,Paser,75.62663502740115
WS CENGAL-BATULICIN,Tanah Bumbu,4828.447607641177
WS CENGAL-BATULICIN,Tanah Laut,2337.756411837488
WS CIBALIUNG-CISAWARNA,Lebak,1307.1123014421505
WS CIBALIUNG-CISAWARNA,Pandeglang,1287.6461787633607
WS CIDANAU-CIUJUNG-CIDURIAN,Bogor,403.9218398502571
WS CIDANAU-CIUJUNG-CIDURIAN,Kota Cilegon,162.51442530287693
WS CIDANAU-CIUJUNG-CIDURIAN,Kota Serang,265.7867291230357
WS CIDANAU-CIUJUNG-CIDURIAN,Lebak,1436.8261467277262
WS CIDANAU-CIUJUNG-CIDURIAN,Pandeglang,242.64738884494923
WS CIDANAU-CIUJUNG-CIDURIAN,Serang,1406.9553189240548
WS CIDANAU-CIUJUNG-CIDURIAN,Tangerang,237.2798010041616
WS CILIMAN-CIBUNGUR,Lebak,431.5443620695072
WS CILIMAN-CIBUNGUR,Pandeglang,1241.120592109437
WS CILIMAN-CIBUNGUR,Serang,62.95288535676412
WS CILIWUNG-CISADANE,Bekasi,802.6082732240383
WS CILIWUNG-CISADANE,Bogor,2126.7242648042434
WS CILIWUNG-CISADANE,Cianjur,0.0212347356205546
WS CILIWUNG-CISADANE,Kota Adm. Jakarta Barat,125.00016390473002
WS CILIWUNG-CISADANE,Kota Adm. Jakarta Pusat,47.56483331850375
WS CILIWUNG-CISADANE,Kota Adm. Jakarta Selatan,144.94169492924894
WS CILIWUNG-CISADANE,Kota Adm. Jakarta Timur,185.5377861420808
WS CILIWUNG-CISADANE,Kota Adm. Jakarta Utara,140.2624276841916
WS CILIWUNG-CISADANE,Kota Bekasi,213.03587074126983
WS CILIWUNG-CISADANE,Kota Bogor,111.36571710433287
WS CILIWUNG-CISADANE,Kota Depok,199.90622222701373
WS CILIWUNG-CISADANE,Kota Tangerang,178.34748678222098
WS CILIWUNG-CISADANE,Kota Tangerang Selatan,164.85954253781802
WS CILIWUNG-CISADANE,Lebak,0.0946174724508507
WS CILIWUNG-CISADANE,Sukabumi,2.91611065070356
WS CILIWUNG-CISADANE,Tangerang,790.4771469746017
WS CIMANUK-CISANGGARUNG,Bandung,20.89127901289727
WS CIMANUK-CISANGGARUNG,Brebes,555.9157315432258
WS CIMANUK-CISANGGARUNG,Ciamis,2.0255496894026246
WS CIMANUK-CISANGGARUNG,Cilacap,0.3021689138430389
WS CIMANUK-CISANGGARUNG,Cirebon,1071.4882218885602
WS CIMANUK-CISANGGARUNG,Garut,1160.2074220387442
WS CIMANUK-CISANGGARUNG,Indramayu,1324.9898460516372
WS CIMANUK-CISANGGARUNG,Kota Cirebon,39.440505127961096
WS CIMANUK-CISANGGARUNG,Kuningan,1076.1413790940182
WS CIMANUK-CISANGGARUNG,Majalengka,1322.9392940325142
WS CIMANUK-CISANGGARUNG,Subang,0.1612119641900181
WS CIMANUK-CISANGGARUNG,Sumedang,1114.769203676845
WS CIMANUK-CISANGGARUNG,Tasikmalaya,1.5519456913874252
WS CISADEA-CIBAREO,Bandung,176.05289124808897
WS CISADEA-CIBAREO,Bandung Barat,0.1532496570932101
WS CISADEA-CIBAREO,Bogor,15.133373120224045
WS CISADEA-CIBAREO,Cianjur,2269.2110851799976
WS CISADEA-CIBAREO,Kota Sukabumi,48.313949898362885
WS CISADEA-CIBAREO,Lebak,136.60254860837273
WS CISADEA-CIBAREO,Sukabumi,4157.441178517304
WS CITANDUY,Banyumas,55.37679394119484
WS CITANDUY,Brebes,1.9565261309554132
WS CITANDUY,Ciamis,1591.894177618968
WS CITANDUY,Cilacap,1720.6667381206928
WS CITANDUY,Garut,18.80324247605982
WS CITANDUY,Kota Banjar,131.00548617213093
WS CITANDUY,Kota Tasikmalaya,110.23653062935458
WS CITANDUY,Kuningan,116.58353681825456
WS CITANDUY,Majalengka,7.230864726904279
WS CITANDUY,Pangandaran,223.23016540402875
WS CITANDUY,Sumedang,0.0032873516281286
WS CITANDUY,Tasikmalaya,498.166991613124
WS CITARUM,Bandung,1342.1020109389622
WS CITARUM,Bandung Barat,1283.2855909079087
WS CITARUM,Bekasi,448.4103197185792
WS CITARUM,Bogor,445.9989792561998
WS CITARUM,Cianjur,1275.497553778457
WS CITARUM,Garut,11.963664282005857
WS CITARUM,Indramayu,751.0656835143303
WS CITARUM,Karawang,1913.7128183864656
WS CITARUM,Kota Bandung,166.59306320200773
WS CITARUM,Kota Cimahi,42.43200279320709
WS CITARUM,Purwakarta,993.0916570823022
WS CITARUM,Subang,2165.3869586997102
WS CITARUM,Sukabumi,3.794498767190351
WS CITARUM,Sumedang,451.4318885354669
WS CIWULAN-CILAKI,Bandung,201.79726195370984
WS CIWULAN-CILAKI,Ciamis,2.017290997530864
WS CIWULAN-CILAKI,Cianjur,87.18560043450653
WS CIWULAN-CILAKI,Garut,1910.2609719914292
WS CIWULAN-CILAKI,Kota Tasikmalaya,73.70219466336073
WS CIWULAN-CILAKI,Pangandaran,904.923458839528
WS CIWULAN-CILAKI,Tasikmalaya,2206.136315124108
WS DUMOGA MONGONDOW-SANGKUB,Bolaang Mongondow,3152.9764401038838
WS DUMOGA MONGONDOW-SANGKUB,Bolaang Mongondow Selatan,1462.1573272964886
WS DUMOGA MONGONDOW-SANGKUB,Bolaang Mongondow Timur,826.9868918839055
WS DUMOGA MONGONDOW-SANGKUB,Bolaang Mongondow Utara,1642.4125911862525
WS DUMOGA MONGONDOW-SANGKUB,Bone Bolango,4.371241111721444
WS DUMOGA MONGONDOW-SANGKUB,Gorontalo Utara,223.93554238680787
WS DUMOGA MONGONDOW-SANGKUB,Kota Kotamobagu,108.89264665046352
WS DUMOGA MONGONDOW-SANGKUB,Minahasa Selatan,2.976929621916986
WS DUMOGA MONGONDOW-SANGKUB,Minahasa Tenggara,22.04248975320597
WS EILANDEN-LORENTZ-DIGUL,Asmat,25014.702130856094
WS EILANDEN-LORENTZ-DIGUL,Boven Digoel,23558.271595495276
WS EILANDEN-LORENTZ-DIGUL,Deiyai,437.8109447117978
WS EILANDEN-LORENTZ-DIGUL,Intan Jaya,1.2897536299512269
WS EILANDEN-LORENTZ-DIGUL,Jayawijaya,2560.809157776093
WS EILANDEN-LORENTZ-DIGUL,Lanny Jaya,2339.1313392153834
WS EILANDEN-LORENTZ-DIGUL,Mamberamo Tengah,28.554079623750564
WS EILANDEN-LORENTZ-DIGUL,Mappi,23839.228565118203
WS EILANDEN-LORENTZ-DIGUL,Merauke,44971.97964602592
WS EILANDEN-LORENTZ-DIGUL,Mimika,12736.430830627987
WS EILANDEN-LORENTZ-DIGUL,Nduga,5886.8914481570055
WS EILANDEN-LORENTZ-DIGUL,Paniai,677.1748879027882
WS EILANDEN-LORENTZ-DIGUL,Pegunungan Bintang,4917.847630788886
WS EILANDEN-LORENTZ-DIGUL,Puncak,1043.2049876654537
WS EILANDEN-LORENTZ-DIGUL,Puncak Jaya,150.6359607089235
WS EILANDEN-LORENTZ-DIGUL,Tolikara,38.48524005869612
WS EILANDEN-LORENTZ-DIGUL,Yahukimo,10524.534604727643
WS EILANDEN-LORENTZ-DIGUL,Yalimo,25.628634940718868
WS FLORES,Ende,2085.2389924710974
WS FLORES,Flores Timur,1020.47388136232
WS FLORES,Manggarai,1343.747727311371
WS FLORES,Manggarai Barat,3128.997299134801
WS FLORES,Manggarai Timur,2389.483697935401
WS FLORES,Nagekeo,1396.164229099588
WS FLORES,Ngada,1735.635214774681
WS FLORES,Sikka,1671.1534665819806
WS FLOTIM KEPULAUAN-LEMBATA-ALOR,Alor,2928.558800951582
WS FLOTIM KEPULAUAN-LEMBATA-ALOR,Flores Timur,728.0420003624423
WS FLOTIM KEPULAUAN-LEMBATA-ALOR,Lembata,1268.1048865959087
WS GUNTUNG-KATEMAN,Indragiri Hilir,3381.7087531859165
WS GUNTUNG-KATEMAN,Pelalawan,218.4413933953421
WS HALMAHERA SELATAN,Halmahera Barat,41.96282974531894
WS HALMAHERA SELATAN,Halmahera Selatan,5282.744286505581
WS HALMAHERA SELATAN,Halmahera Tengah,2276.872145680715
WS HALMAHERA SELATAN,Halmahera Timur,6485.697753742532
WS HALMAHERA SELATAN,Halmahera Utara,2.6363650515302592
WS HALMAHERA SELATAN,Kota Ternate,24.82158899924973
WS HALMAHERA SELATAN,Kota Tidore Kepulauan,1583.2370852165843
WS HALMAHERA SELATAN,Maluku Utara,0.19030772834912169
WS HALMAHERA UTARA,Halmahera Barat,2197.130627015598
WS HALMAHERA UTARA,Halmahera Timur,2.9722097010928232
WS HALMAHERA UTARA,Halmahera Utara,3401.625457265957
WS HALMAHERA UTARA,Kota Ternate,137.3789440676123
WS HALMAHERA UTARA,Kota Tidore Kepulauan,120.08017621589008
WS HALMAHERA UTARA,Pulau Morotai,2337.317951637905
WS INDRAGIRI,Agam,306.5332228445572
WS INDRAGIRI,Dharmasraya,110.0960571263782
WS INDRAGIRI,Indragiri Hilir,7247.796315233003
WS INDRAGIRI,Indragiri Hulu,6273.922886343093
WS INDRAGIRI,Kampar,3.158180037485908
WS INDRAGIRI,Kota Bukittinggi,16.726198510626826
WS INDRAGIRI,Kota Padang,2.177781857002983
WS INDRAGIRI,Kota Padang Panjang,12.261486055100464
WS INDRAGIRI,Kota Payakumbuh,74.55151180995063
WS INDRAGIRI,Kota Sawahlunto,231.94542738410476
WS INDRAGIRI,Kota Solok,58.685220830752456
WS INDRAGIRI,Kuantan Singingi,2737.9097940078827
WS INDRAGIRI,Lima Puluh Kota,1273.654016159418
WS INDRAGIRI,Padang Pariaman,0.1111297574200155
WS INDRAGIRI,Pasaman,2.622976858266008
WS INDRAGIRI,Pelalawan,120.23016495463403
WS INDRAGIRI,Sijunjung,2380.327092964668
WS INDRAGIRI,Solok,1834.1555589210616
WS INDRAGIRI,Tanah Datar,1222.4774537930402
WS INDRAGIRI,Tebo,5.26636810776197
WS JAMBO AYE,Aceh Tengah,1947.196579695267
WS JAMBO AYE,Aceh Timur,3386.398291073867
WS JAMBO AYE,Aceh Utara,769.3503467158337
WS JAMBO AYE,Bener Meriah,1074.8743415077972
WS JAMBO AYE,Gayo Lues,99.43759429468136
WS JELAI-KENDAWANGAN,Ketapang,11895.391685393632
WS JELAI-KENDAWANGAN,Kotawaringin Barat,8812.187476230436
WS JELAI-KENDAWANGAN,Lamandau,7597.4020331711
WS JELAI-KENDAWANGAN,Melawi,14.53397286994764
WS JELAI-KENDAWANGAN,Seruyan,1170.949796294227
WS JELAI-KENDAWANGAN,Sukamara,3309.262285547003
WS JENEBERANG,Bantaeng,390.9694122648097
WS JENEBERANG,Bone,1807.259770391075
WS JENEBERANG,Bulukumba,1175.5280463846016
WS JENEBERANG,Gowa,1812.6623439307527
WS JENEBERANG,Jeneponto,796.0006272184208
WS JENEBERANG,Kepulauan Selayar,1159.9203338494117
WS JENEBERANG,Kota Makassar,176.71261883889602
WS JENEBERANG,Maros,736.0403799248342
WS JENEBERANG,Pangkajene Dan Kepulauan,83.7576777384562
WS JENEBERANG,Sinjai,865.2195895608892
WS JENEBERANG,Sulawesi Selatan,0.2499772365953588
WS JENEBERANG,Takalar,555.4311711819439
WS JRATUNSELUNA,Blora,980.668658556261
WS JRATUNSELUNA,Boyolali,484.4452508269249
WS JRATUNSELUNA,Demak,977.7704917534376
WS JRATUNSELUNA,Grobogan,2012.5564057209956
WS JRATUNSELUNA,Jepara,372.6878458134627
WS JRATUNSELUNA,Kendal,36.76431968083312
WS JRATUNSELUNA,Kota Salatiga,54.98315794309947
WS JRATUNSELUNA,Kota Semarang,353.057295530032
WS JRATUNSELUNA,Kudus,447.4142923500165
WS JRATUNSELUNA,Magelang,0.5711387437696102
WS JRATUNSELUNA,Ngawi,0.0581328003279719
WS JRATUNSELUNA,Pati,1517.085267163964
WS JRATUNSELUNA,Rembang,933.6738526462748
WS JRATUNSELUNA,Semarang,902.974627548686
WS JRATUNSELUNA,Sragen,133.52603360933654
WS JRATUNSELUNA,Temanggung,0.0326065210236703
WS JRATUNSELUNA,Tuban,15.294610698694036
WS KAHAYAN,Gunung Mas,8759.289088109439
WS KAHAYAN,Kapuas,220.97509483601013
WS KAHAYAN,Katingan,1333.566173252779
WS KAHAYAN,Kota Palangkaraya,2778.90982796502
WS KAHAYAN,Murung Raya,4.949258503409266
WS KAHAYAN,Pulang Pisau,9105.517742550895
WS KAHAYAN,Sintang,2.6840739729801792
WS KALUKKU-KARAMA,Kotabaru,0.051756875258833
WS KALUKKU-KARAMA,Luwu Utara,2127.148431835076
WS KALUKKU-KARAMA,Majene,900.9158080246018
WS KALUKKU-KARAMA,Mamasa,1442.7944657292664
WS KALUKKU-KARAMA,Mamuju,4939.0607112767775
WS KALUKKU-KARAMA,Mamuju Tengah,2758.237131490961
WS KALUKKU-KARAMA,Pasangkayu,1274.9856002341337
WS KALUKKU-KARAMA,Pinrang,0.0024957367637126
WS KALUKKU-KARAMA,Polewali Mandar,2030.1189880863135
WS KALUKKU-KARAMA,Sigi,20.29151430219928
WS KALUKKU-KARAMA,Tana Toraja,0.022142500672633
WS KALUKKU-KARAMA,Toraja Utara,196.25292837280264
WS KAMPAR,Indragiri Hilir,155.81700089413522
WS KAMPAR,Indragiri Hulu,353.3315981856594
WS KAMPAR,Kampar,6642.933145722495
WS KAMPAR,Kota Pekanbaru,45.32209992219101
WS KAMPAR,Kuantan Singingi,2619.2132606834743
WS KAMPAR,Lima Puluh Kota,1946.1557219044075
WS KAMPAR,Pasaman,555.5008121467982
WS KAMPAR,Pelalawan,12085.22802074382
WS KAMPAR,Rokan Hulu,1.8241923037268664
WS KAMPAR,Siak,609.9095250561763
WS KAMPAR,Sijunjung,109.23075820441474
WS KAMUNDAN-SEBYAR,Fak Fak,119.9247912587937
WS KAMUNDAN-SEBYAR,Kaimana,200.1759310525305
WS KAMUNDAN-SEBYAR,Kota Sorong,205.1443765568686
WS KAMUNDAN-SEBYAR,Manokwari,2762.54305499482
WS KAMUNDAN-SEBYAR,Manokwari Selatan,1837.09484615311
WS KAMUNDAN-SEBYAR,Maybrat,5385.679232845306
WS KAMUNDAN-SEBYAR,Pegunungan Arfak,3298.811219392906
WS KAMUNDAN-SEBYAR,Raja Ampat,7442.235687124632
WS KAMUNDAN-SEBYAR,Sorong,7564.194140017967
WS KAMUNDAN-SEBYAR,Sorong Selatan,6570.181054043508
WS KAMUNDAN-SEBYAR,Tambrauw,11954.818159279812
WS KAMUNDAN-SEBYAR,Teluk Bintuni,19365.761759517805
WS KAMUNDAN-SEBYAR,Teluk Wondama,1543.8950941808866
WS KAPUAS,Bengkayang,208.66209987910167
WS KAPUAS,Gunung Mas,4.203425680971844
WS KAPUAS,Kalimantan Barat,0.4468187423919044
WS KAPUAS,Kapuas Hulu,31313.479676783296
WS KAPUAS,Katingan,36.058044623409344
WS KAPUAS,Kayong Utara,2047.4865350421917
WS KAPUAS,Ketapang,2455.1692598487825
WS KAPUAS,Kota Pontianak,118.20875249842123
WS KAPUAS,Kubu Raya,8547.107221169215
WS KAPUAS,Lamandau,0.740258112835798
WS KAPUAS,Landak,7271.514785413862
WS KAPUAS,Mahakam Ulu,2.7240484640574647
WS KAPUAS,Melawi,10059.322649767564
WS KAPUAS,Mempawah,682.8398284243734
WS KAPUAS,Murung Raya,12.887139450195669
WS KAPUAS,Sanggau,12452.191877358342
WS KAPUAS,Sekadau,5718.982232077556
WS KAPUAS,Seruyan,84.94494304866615
WS KAPUAS,Sintang,22013.776970123115
WS KARANGAN,Berau,2940.452845015068
WS KARANGAN,Kota Bontang,160.80990912158882
WS KARANGAN,Kutai Kartanegara,1203.1085734651313
WS KARANGAN,Kutai Timur,15175.676693526404
WS KAYAN BELAYAU,Berau,75.5486447613251
WS KAYAN BELAYAU,Bulungan,12127.006036116129
WS KAYAN BELAYAU,Kutai Kartanegara,2.956296011580575
WS KAYAN BELAYAU,Kutai Timur,1.034067495121308
WS KAYAN BELAYAU,Malinau,22975.689965283767
WS KAYAN BELAYAU,Nunukan,0.3195413164237774
WS KAYAN BELAYAU,Tana Tidung,0.1775696424446141
WS KENDILO,Balangan,2.476441104082384
WS KENDILO,Barito Utara,0.1200619444994651
WS KENDILO,Kotabaru,34.54499666119919
WS KENDILO,Paser,7735.297025911435
WS KENDILO,Tabalong,128.66783957939305
WS KEPULAUAN BANGGAI,Banggai Kepulauan,2385.072923430964
WS KEPULAUAN BANGGAI,Banggai Laut,688.1511622127676
WS KEPULAUAN KARIMUNJAWA,Jepara,46.60808812988322
WS KEPULAUAN MADURA,Bangkalan,1301.0297157045072
WS KEPULAUAN MADURA,Gresik,199.69779332832647
WS KEPULAUAN MADURA,Pamekasan,795.1536321638267
WS KEPULAUAN MADURA,Sampang,1228.2520549719466
WS KEPULAUAN MADURA,Sumenep,2084.023240897229
WS KEPULAUAN RIAU,Bintan,1316.8086635732454
WS KEPULAUAN RIAU,Karimun,930.1912108360718
WS KEPULAUAN RIAU,Kepulauan Anambas,626.959753756866
WS KEPULAUAN RIAU,Kepulauan Riau,0.0441527374991742
WS KEPULAUAN RIAU,Kota Batam,1034.4285630543168
WS KEPULAUAN RIAU,Kota Tanjung Pinang,149.44849844310465
WS KEPULAUAN RIAU,Lingga,2210.0421998591505
WS KEPULAUAN RIAU,Natuna,1999.1371420188225
WS KEPULAUAN SERIBU,Adm. Kep. Seribu,10.725102188047622
WS KEPULAUAN SERIBU,Kota Adm. Jakarta Utara,6.738497335428112
WS KEPULAUAN SULA-OBI,Halmahera Selatan,2813.344649901624
WS KEPULAUAN SULA-OBI,Kepulauan Sula,1778.5212530643842
WS KEPULAUAN SULA-OBI,Pulau Taliabu,2985.748164702351
WS KEPULAUAN YAMDENA-WETAR-KEI-ARU,Kepulauan Aru,8095.629797170553
WS KEPULAUAN YAMDENA-WETAR-KEI-ARU,Kepulauan Tanimbar,4431.082058030419
WS KEPULAUAN YAMDENA-WETAR-KEI-ARU,Kota Tual,234.1597190448843
WS KEPULAUAN YAMDENA-WETAR-KEI-ARU,Maluku Barat Daya,4551.676077386639
WS KEPULAUAN YAMDENA-WETAR-KEI-ARU,Maluku Tenggara,1007.8587522681968
WS KUBU,Labuhanbatu,21.37427504830792
WS KUBU,Labuhanbatu Selatan,201.557197014512
WS KUBU,Rokan Hilir,2678.1479238550205
WS LAA-TAMBALAKO,Konawe Utara,1.8898938544367296
WS LAA-TAMBALAKO,Luwu Timur,170.24872105887826
WS LAA-TAMBALAKO,Morowali,3298.583559153902
WS LAA-TAMBALAKO,Morowali Utara,6661.070477180078
WS LAA-TAMBALAKO,Poso,700.3878916938407
WS LAA-TAMBALAKO,Tojo Una Una,3.422275298113992
WS LAMBUNU-BUOL,Buol,3693.60684470105
WS LAMBUNU-BUOL,Donggala,1614.961856920554
WS LAMBUNU-BUOL,Gorontalo Utara,0.0780752339447561
WS LAMBUNU-BUOL,Parigi Moutong,3449.5702580567777
WS LAMBUNU-BUOL,Pohuwato,1.7530770652899
WS LAMBUNU-BUOL,Toli Toli,3700.052357846658
WS LARONA MALILI,Kolaka Timur,166.3809150672271
WS LARONA MALILI,Kolaka Utara,839.1880311195447
WS LARONA MALILI,Konawe,271.1812506492058
WS LARONA MALILI,Konawe Utara,1.5053628082843211
WS LARONA MALILI,Kota Palopo,273.0984046789197
WS LARONA MALILI,Luwu,948.5183966075642
WS LARONA MALILI,Luwu Timur,6426.163958058874
WS LARONA MALILI,Luwu Utara,3849.792612302794
WS LARONA MALILI,Morowali,143.60083297730935
WS LARONA MALILI,Morowali Utara,42.2246889876003
WS LARONA MALILI,Poso,2.3855319937205146
WS LARONA MALILI,Toraja Utara,34.52978419266985
WS LASOLO-KONAWEHA,Kolaka,6.447007207119533
WS LASOLO-KONAWEHA,Kolaka Timur,2892.499177785592
WS LASOLO-KONAWEHA,Kolaka Utara,18.204647467246136
WS LASOLO-KONAWEHA,Konawe,5000.606967508977
WS LASOLO-KONAWEHA,Konawe Selatan,707.8362070449119
WS LASOLO-KONAWEHA,Konawe Utara,4212.135286617925
WS LASOLO-KONAWEHA,Kota Kendari,37.08145839774994
WS LASOLO-KONAWEHA,Luwu Timur,3.169394896970241
WS LASOLO-KONAWEHA,Morowali,1044.635860478898
WS LIMBOTO BOLANGO-BONE,Boalemo,0.3614819926236933
WS LIMBOTO BOLANGO-BONE,Bolaang Mongondow,2.276015008784077
WS LIMBOTO BOLANGO-BONE,Bolaang Mongondow Selatan,311.71227878208475
WS LIMBOTO BOLANGO-BONE,Bolaang Mongondow Utara,1.9712504819393684
WS LIMBOTO BOLANGO-BONE,Bone Bolango,1884.6263566152263
WS LIMBOTO BOLANGO-BONE,Buol,24.445397764817898
WS LIMBOTO BOLANGO-BONE,Gorontalo,1135.8412702940664
WS LIMBOTO BOLANGO-BONE,Gorontalo Utara,1476.9509183130476
WS LIMBOTO BOLANGO-BONE,Kota Gorontalo,70.93294629669745
WS LIMBOTO BOLANGO-BONE,Pohuwato,0.3435744383529246
WS LOMBOK,Kota Mataram,60.42409366446872
WS LOMBOK,Lombok Barat,923.0579598833672
WS LOMBOK,Lombok Tengah,1169.5218708309433
WS LOMBOK,Lombok Timur,1606.3502669809027
WS LOMBOK,Lombok Utara,811.1889940590773
WS MAHAKAM,Barito Utara,126.6140350718018
WS MAHAKAM,Berau,0.4225546675555354
WS MAHAKAM,Kalimantan Timur,3.795387282913538
WS MAHAKAM,Kapuas Hulu,2.153330133711869
WS MAHAKAM,Kota Balikpapan,509.2617944989119
WS MAHAKAM,Kota Samarinda,716.7833108099162
WS MAHAKAM,Kutai Barat,13572.084124142011
WS MAHAKAM,Kutai Kartanegara,25714.652021301605
WS MAHAKAM,Kutai Timur,15469.256915032822
WS MAHAKAM,Mahakam Ulu,18451.90542782365
WS MAHAKAM,Malinau,4537.061559063233
WS MAHAKAM,Murung Raya,26.16588246131401
WS MAHAKAM,Paser,2956.1622967726307
WS MAHAKAM,Penajam Paser Utara,3193.954691100405
WS MASANG-PASAMAN,Agam,1251.2990243052973
WS MASANG-PASAMAN,Kota Bukittinggi,7.446539673266898
WS MASANG-PASAMAN,Lima Puluh Kota,49.926905570100494
WS MASANG-PASAMAN,Mandailing Natal,35.386197019907044
WS MASANG-PASAMAN,Pasaman,1085.4683212343734
WS MASANG-PASAMAN,Pasaman Barat,3179.2475824816606
WS MASANG-PASAMAN,Tanah Datar,0.0345823236730665
WS MEMBERAMO-ANDAIWAIREN-SENTANI TAMI,Intan Jaya,3536.980369778927
WS MEMBERAMO-ANDAIWAIREN-SENTANI TAMI,Jayapura,14081.992635629606
WS MEMBERAMO-ANDAIWAIREN-SENTANI TAMI,Jayawijaya,68.20057931494703
WS MEMBERAMO-ANDAIWAIREN-SENTANI TAMI,Keerom,9526.315359536806
WS MEMBERAMO-ANDAIWAIREN-SENTANI TAMI,Kota Jayapura,835.1425099165542
WS MEMBERAMO-ANDAIWAIREN-SENTANI TAMI,Lanny Jaya,0.6432642929079491
WS MEMBERAMO-ANDAIWAIREN-SENTANI TAMI,Mamberamo Raya,26487.00881907596
WS MEMBERAMO-ANDAIWAIREN-SENTANI TAMI,Mamberamo Tengah,4072.931463970688
WS MEMBERAMO-ANDAIWAIREN-SENTANI TAMI,Paniai,0.537625559753464
WS MEMBERAMO-ANDAIWAIREN-SENTANI TAMI,Pegunungan Bintang,8834.067616693303
WS MEMBERAMO-ANDAIWAIREN-SENTANI TAMI,Puncak,6348.152696395321
WS MEMBERAMO-ANDAIWAIREN-SENTANI TAMI,Puncak Jaya,5835.553881640015
WS MEMBERAMO-ANDAIWAIREN-SENTANI TAMI,Sarmi,14068.347645234277
WS MEMBERAMO-ANDAIWAIREN-SENTANI TAMI,Tolikara,2951.523208743974
WS MEMBERAMO-ANDAIWAIREN-SENTANI TAMI,Waropen,2803.441786454044
WS MEMBERAMO-ANDAIWAIREN-SENTANI TAMI,Yahukimo,5841.403049931758
WS MEMBERAMO-ANDAIWAIREN-SENTANI TAMI,Yalimo,3122.67937337822
WS MEMPAWAH,Bengkayang,728.8191658018709
WS MEMPAWAH,Kota Singkawang,183.0897319825823
WS MEMPAWAH,Landak,1082.7216989068293
WS MEMPAWAH,Mempawah,1252.5791419568386
WS MENTAYA-KATINGAN,Gunung Mas,331.31569519139947
WS MENTAYA-KATINGAN,Katingan,18900.538150205302
WS MENTAYA-KATINGAN,Kota Palangkaraya,69.78915252163694
WS MENTAYA-KATINGAN,Kotawaringin Timur,15056.67207221354
WS MENTAYA-KATINGAN,Melawi,0.7499058068118477
WS MENTAYA-KATINGAN,Pulang Pisau,153.72345224825003
WS MENTAYA-KATINGAN,Seruyan,227.8341771892672
WS MENTAYA-KATINGAN,Sintang,5.761577368319901
WS MESUJI-TULANG BAWANG,Lampung Barat,769.4435302306186
WS MESUJI-TULANG BAWANG,Lampung Tengah,37.02051009151399
WS MESUJI-TULANG BAWANG,Lampung Utara,2150.654301614622
WS MESUJI-TULANG BAWANG,Mesuji,2200.4137352424773
WS MESUJI-TULANG BAWANG,Ogan Komering Ilir,4304.278108944271
WS MESUJI-TULANG BAWANG,Ogan Komering Ulu Selatan,170.18424226966513
WS MESUJI-TULANG BAWANG,Ogan Komering Ulu Timur,172.38775842022764
WS MESUJI-TULANG BAWANG,Tanggamus,1.3110849340955748
WS MESUJI-TULANG BAWANG,Tulang Bawang,2412.6111831263934
WS MESUJI-TULANG BAWANG,Tulang Bawang Barat,1182.9114857041368
WS MESUJI-TULANG BAWANG,Way Kanan,3485.0219662082795
WS MUNA,Bombana,804.5023242276096
WS MUNA,Buton Tengah,836.9286886256933
WS MUNA,Muna,1418.7228943230105
WS MUNA,Muna Barat,818.3205666141035
WS MUSI-BANYUASIN-LEMAU,Banyuasin,12262.738724636023
WS MUSI-BANYUASIN-LEMAU,Batanghari,969.7150819033766
WS MUSI-BANYUASIN-LEMAU,Bengkulu Selatan,0.2392419860184337
WS MUSI-BANYUASIN-LEMAU,Bengkulu Tengah,489.3382194090993
WS MUSI-BANYUASIN-LEMAU,Bengkulu Utara,30.35771969216152
WS MUSI-BANYUASIN-LEMAU,Empat Lawang,2231.1724853092314
WS MUSI-BANYUASIN-LEMAU,Kaur,5.2829436053251415
WS MUSI-BANYUASIN-LEMAU,Kepahiang,737.939794393043
WS MUSI-BANYUASIN-LEMAU,Kota Jambi,1.7922344257272764
WS MUSI-BANYUASIN-LEMAU,Kota Lubuk Linggau,367.725655894107
WS MUSI-BANYUASIN-LEMAU,Kota Pagar Alam,613.317122529723
WS MUSI-BANYUASIN-LEMAU,Kota Palembang,352.5229757986431
WS MUSI-BANYUASIN-LEMAU,Kota Prabumulih,447.311161669356
WS MUSI-BANYUASIN-LEMAU,Lahat,3843.4644127560646
WS MUSI-BANYUASIN-LEMAU,Lampung Barat,243.83473702316263
WS MUSI-BANYUASIN-LEMAU,Lebong,14.000402296733093
WS MUSI-BANYUASIN-LEMAU,Merangin,0.0101046201871499
WS MUSI-BANYUASIN-LEMAU,Muara Enim,6755.954672608527
WS MUSI-BANYUASIN-LEMAU,Muaro Jambi,1466.1887749402845
WS MUSI-BANYUASIN-LEMAU,Musi Banyuasin,14453.52221818576
WS MUSI-BANYUASIN-LEMAU,Musi Rawas,6115.795533472178
WS MUSI-BANYUASIN-LEMAU,Musi Rawas Utara,5879.951623417763
WS MUSI-BANYUASIN-LEMAU,Ogan Ilir,2302.857919094449
WS MUSI-BANYUASIN-LEMAU,Ogan Komering Ilir,12759.835900995678
WS MUSI-BANYUASIN-LEMAU,Ogan Komering Ulu,3774.4969235803537
WS MUSI-BANYUASIN-LEMAU,Ogan Komering Ulu Selatan,3779.845294120013
WS MUSI-BANYUASIN-LEMAU,Ogan Komering Ulu Timur,3240.328413077709
WS MUSI-BANYUASIN-LEMAU,Penukal Abab Lematang Ilir,1842.563216384074
WS MUSI-BANYUASIN-LEMAU,Pesisir Barat,8.405600130198758
WS MUSI-BANYUASIN-LEMAU,Rejang Lebong,1520.4098174416945
WS MUSI-BANYUASIN-LEMAU,Sarolangun,375.8932150332444
WS MUSI-BANYUASIN-LEMAU,Seluma,7.15312527899514
WS MUSI-BANYUASIN-LEMAU,Tanjung Jabung Timur,264.5216554184074
WS MUSI-BANYUASIN-LEMAU,Way Kanan,37.09172902162767
WS NASAL-PADANG GUCI-ENGGANO,Bengkulu Selatan,1197.043853722584
WS NASAL-PADANG GUCI-ENGGANO,Bengkulu Utara,398.2589033991854
WS NASAL-PADANG GUCI-ENGGANO,Empat Lawang,0.6381825992089358
WS NASAL-PADANG GUCI-ENGGANO,Kaur,2603.267723426173
WS NASAL-PADANG GUCI-ENGGANO,Kota Pagar Alam,12.596015768784437
WS NASAL-PADANG GUCI-ENGGANO,Lahat,488.101957002098
WS NASAL-PADANG GUCI-ENGGANO,Muara Enim,7.956978406265296
WS NASAL-PADANG GUCI-ENGGANO,Ogan Komering Ulu Selatan,417.3095922947423
WS NASAL-PADANG GUCI-ENGGANO,Pesisir Barat,58.06175774728638
WS NASAL-PADANG GUCI-ENGGANO,Seluma,12.238154837321956
WS NIAS,Kota Gunungsitoli,208.68440288881996
WS NIAS,Nias,902.395096774351
WS NIAS,Nias Barat,462.5281766912109
WS NIAS,Nias Selatan,1326.6648058124658
WS NIAS,Nias Utara,1237.155316197365
WS NOELMINA,Kota Kupang,159.33404015712424
WS NOELMINA,Kupang,5136.510073440551
WS NOELMINA,Rote Ndao,1286.3869701974502
WS NOELMINA,Sabu Raijua,460.9565899497896
WS NOELMINA,Timor Tengah Selatan,2146.7346366750107
WS NOELMINA,Timor Tengah Utara,179.89202614407645
WS OMBA,Dogiyai,1557.8994045631714
WS OMBA,Fak Fak,9616.615051405142
WS OMBA,Kaimana,17642.59720361619
WS OMBA,Mimika,1168.065138187241
WS OMBA,Nabire,2396.634740116373
WS OMBA,Teluk Bintuni,558.5022252047721
WS OMBA,Teluk Wondama,3303.44524865697
WS PAGUYAMAN,Boalemo,1830.50319441418
WS PAGUYAMAN,Gorontalo,1024.522419600601
WS PAGUYAMAN,Gorontalo Utara,2.5011809976818395
WS PAGUYAMAN,Pohuwato,640.5711189465416
WS PALU-LARIANG,Donggala,3510.4488686870864
WS PALU-LARIANG,Kota Palu,356.33457716929115
WS PALU-LARIANG,Luwu Utara,1259.6692088414395
WS PALU-LARIANG,Mamuju Tengah,0.0976957574716662
WS PALU-LARIANG,Parigi Moutong,19.481885637503023
WS PALU-LARIANG,Pasangkayu,1628.185195805116
WS PALU-LARIANG,Poso,2562.6287958140315
WS PALU-LARIANG,Sigi,5141.642250818967
WS PASEE-PEUSANGAN,Aceh Tengah,1268.1076329544792
WS PASEE-PEUSANGAN,Aceh Utara,1935.8419392630287
WS PASEE-PEUSANGAN,Bener Meriah,832.5249562725952
WS PASEE-PEUSANGAN,Bireuen,1632.0223449667103
WS PASEE-PEUSANGAN,Kota Lhokseumawe,132.96067617796533
WS PASEE-PEUSANGAN,Nagan Raya,18.719560157030678
WS PASEE-PEUSANGAN,Pidie,27.840545002209076
WS PAWAN,Kayong Utara,2062.636471825489
WS PAWAN,Ketapang,15667.59596119089
WS PAWAN,Lamandau,0.5435388453760716
WS PAWAN,Melawi,45.904602115967656
WS PAWAN,Sekadau,260.0614708727733
WS PAWAN,Sintang,0.2800850634444685
WS PEMALI-COMAL,Banjarnegara,3.003302810568118
WS PEMALI-COMAL,Banyumas,1.914482768877492
WS PEMALI-COMAL,Batang,542.6840435245458
WS PEMALI-COMAL,Brebes,1174.299504947982
WS PEMALI-COMAL,Cilacap,1.2127042247208288
WS PEMALI-COMAL,Kota Pekalongan,46.19981150417301
WS PEMALI-COMAL,Kota Tegal,39.074614335483545
WS PEMALI-COMAL,Kuningan,0.171754089375117
WS PEMALI-COMAL,Pekalongan,890.3000637510434
WS PEMALI-COMAL,Pemalang,1133.7344590150694
WS PEMALI-COMAL,Purbalingga,4.198161209748693
WS PEMALI-COMAL,Tegal,983.9010536416424
WS PENGABUAN-LAGAN,Batanghari,18.05819777284513
WS PENGABUAN-LAGAN,Indragiri Hilir,173.93397950500938
WS PENGABUAN-LAGAN,Muaro Jambi,153.61623123655556
WS PENGABUAN-LAGAN,Tanjung Jabung Barat,5467.8643566250485
WS PENGABUAN-LAGAN,Tanjung Jabung Timur,1129.9032441639774
WS PENGABUAN-LAGAN,Tebo,18.539383478435123
WS POIGAR-RANOYAPO,Bolaang Mongondow,136.24280499791928
WS POIGAR-RANOYAPO,Bolaang Mongondow Timur,32.79793259130446
WS POIGAR-RANOYAPO,Kota Tomohon,119.04471792685692
WS POIGAR-RANOYAPO,Minahasa,329.02774846678415
WS POIGAR-RANOYAPO,Minahasa Selatan,1453.695301902836
WS POIGAR-RANOYAPO,Minahasa Selatan/Bolaang Mongondwo Timur,6.528132146446096
WS POIGAR-RANOYAPO,Minahasa Tenggara,260.7078863505295
WS POLEANG-RORAYA,Bombana,2141.085580590252
WS POLEANG-RORAYA,Kolaka,164.9256181136809
WS POLEANG-RORAYA,Kolaka Timur,479.7361197302488
WS POLEANG-RORAYA,Konawe,80.02632795896784
WS POLEANG-RORAYA,Konawe Kepulauan,705.7110088816067
WS POLEANG-RORAYA,Konawe Selatan,3529.9043035924337
WS POLEANG-RORAYA,Kota Kendari,227.72551323834367
WS POLEANG-RORAYA,Muna,27.82248228419317
WS POLEANG-RORAYA,Muna Barat,0.3810245252572117
WS POSO-PUNA-SAUSU,Donggala,1.1748213903288791
WS POSO-PUNA-SAUSU,Kota Palu,0.0159853998300442
WS POSO-PUNA-SAUSU,Luwu Timur,78.04498346293168
WS POSO-PUNA-SAUSU,Luwu Utara,185.7382130778761
WS POSO-PUNA-SAUSU,Morowali Utara,232.1179001663185
WS POSO-PUNA-SAUSU,Parigi Moutong,2097.8981923466376
WS POSO-PUNA-SAUSU,Poso,4280.50666816473
WS POSO-PUNA-SAUSU,Sigi,63.50077420104472
WS POSO-PUNA-SAUSU,Tojo Una Una,1755.2358711695074
WS PROGO-OPAK-SERANG,Bantul,511.7064513033227
WS PROGO-OPAK-SERANG,Boyolali,32.69254507722891
WS PROGO-OPAK-SERANG,Gunungkidul,1397.9596952409877
WS PROGO-OPAK-SERANG,Klaten,38.1467820267031
WS PROGO-OPAK-SERANG,Kota Magelang,18.558258587744977
WS PROGO-OPAK-SERANG,Kota Yogyakarta,32.81906252552923
WS PROGO-OPAK-SERANG,Kulon Progo,545.1960540795294
WS PROGO-OPAK-SERANG,Magelang,1095.5657795327304
WS PROGO-OPAK-SERANG,Purworejo,4.742653355122955
WS PROGO-OPAK-SERANG,Semarang,29.8823880137502
WS PROGO-OPAK-SERANG,Sleman,567.5626145357136
WS PROGO-OPAK-SERANG,Sukoharjo,0.2308820975442428
WS PROGO-OPAK-SERANG,Temanggung,566.2638658560768
WS PROGO-OPAK-SERANG,Wonogiri,145.62360563954024
WS PROGO-OPAK-SERANG,Wonosobo,3.679930670226859
WS PULAU LAUT,Kotabaru,2357.640196027572
WS RANDANGAN,Buol,5.517956995201455
WS RANDANGAN,Gorontalo Utara,0.0227379274112479
WS RANDANGAN,Parigi Moutong,238.65956300813525
WS RANDANGAN,Pohuwato,3727.691571580876
WS RAWA,Pelalawan,810.9137962543276
WS RAWA,Siak,1498.1090780466118
WS ROKAN,Bengkalis,1395.982085540813
WS ROKAN,Kampar,61.94554681519006
WS ROKAN,Kota Dumai,1986.6980247076276
WS ROKAN,Labuhanbatu Selatan,599.9697771816544
WS ROKAN,Lima Puluh Kota,3.668181400923945
WS ROKAN,Mandailing Natal,249.2101108402729
WS ROKAN,Padang Lawas,2103.9182271781888
WS ROKAN,Padang Lawas Utara,539.3147407853975
WS ROKAN,Pasaman,2257.934117938385
WS ROKAN,Pasaman Barat,0.0962161139334093
WS ROKAN,Rokan Hilir,6250.516223657805
WS ROKAN,Rokan Hulu,6704.413428531164
WS ROKAN,Siak,12.8424736731582
WS SADDANG,Barru,1190.370939940139
WS SADDANG,Bone,47.39324219657525
WS SADDANG,Enrekang,1176.1229775695815
WS SADDANG,Kota Makassar,0.1396742630724417
WS SADDANG,Kota Palopo,0.0336849973051295
WS SADDANG,Kota Parepare,89.67037164475025
WS SADDANG,Luwu,0.5809147704098717
WS SADDANG,Mamasa,1573.3352873728156
WS SADDANG,Mamuju,3.1913804384030056
WS SADDANG,Maros,185.01030587526597
WS SADDANG,Pangkajene Dan Kepulauan,801.4599058511827
WS SADDANG,Pinrang,1895.2336221766927
WS SADDANG,Polewali Mandar,43.39483037583373
WS SADDANG,Sidenreng Rappang,337.8935545513763
WS SADDANG,Soppeng,28.2556138370766
WS SADDANG,Tana Toraja,2006.3040693238456
WS SADDANG,Toraja Utara,930.4664792894404
WS SAMBAS,Bengkayang,4551.1266853593615
WS SAMBAS,Kota Singkawang,367.0971778983871
WS SAMBAS,Landak,76.47407585531052
WS SAMBAS,Sambas,5933.356968832268
WS SAMBAS,Sanggau,0.0322728992546538
WS SAMPEAN-SETAIL,Banyuwangi,1689.6397261961863
WS SAMPEAN-SETAIL,Bondowoso,1503.375067470077
WS SAMPEAN-SETAIL,Jember,34.967233676140644
WS SAMPEAN-SETAIL,Probolinggo,8.843097854507453
WS SAMPEAN-SETAIL,Situbondo,1627.8713984015155
WS SEBLAT-KETAHUN-LAIS,Bengkulu Tengah,27.915173748313816
WS SEBLAT-KETAHUN-LAIS,Bengkulu Utara,4048.107575754833
WS SEBLAT-KETAHUN-LAIS,Lebong,1650.1171500844166
WS SEBLAT-KETAHUN-LAIS,Merangin,0.7441264764427997
WS SEBLAT-KETAHUN-LAIS,Muko Muko,23.96031910611798
WS SEBLAT-KETAHUN-LAIS,Musi Rawas,6.792221903794102
WS SEBLAT-KETAHUN-LAIS,Musi Rawas Utara,2.3162101717598222
WS SEBLAT-KETAHUN-LAIS,Rejang Lebong,39.00901650969496
WS SEMAKA,Lampung Barat,1082.1616742026151
WS SEMAKA,Lampung Selatan,66.18271827354639
WS SEMAKA,Ogan Komering Ulu Selatan,1.9129052765094317
WS SEMAKA,Pesawaran,431.493692909086
WS SEMAKA,Pesisir Barat,2873.130790937387
WS SEMAKA,Pringsewu,0.2637862816521646
WS SEMAKA,Tanggamus,1866.4949084270163
WS SEPUTIH-SEKAMPUNG,Kota Bandar Lampung,183.7450993811144
WS SEPUTIH-SEKAMPUNG,Kota Metro,73.21404964504912
WS SEPUTIH-SEKAMPUNG,Lampung Barat,12.552847419086884
WS SEPUTIH-SEKAMPUNG,Lampung Selatan,2160.68289258878
WS SEPUTIH-SEKAMPUNG,Lampung Tengah,4522.549124834356
WS SEPUTIH-SEKAMPUNG,Lampung Timur,3860.552590979669
WS SEPUTIH-SEKAMPUNG,Lampung Utara,518.6498255382259
WS SEPUTIH-SEKAMPUNG,Pesawaran,856.5057317420673
WS SEPUTIH-SEKAMPUNG,Pringsewu,616.9283377201432
WS SEPUTIH-SEKAMPUNG,Tanggamus,1079.7865073050716
WS SEPUTIH-SEKAMPUNG,Tulang Bawang,703.4512977772861
WS SEPUTIH-SEKAMPUNG,Tulang Bawang Barat,74.17612032467702
WS SERAYU-BOGOWONTO,Banjarnegara,1140.1908998427004
WS SERAYU-BOGOWONTO,Banyumas,1333.861705706442
WS SERAYU-BOGOWONTO,Batang,1.537282997104128
WS SERAYU-BOGOWONTO,Brebes,10.638322664918896
WS SERAYU-BOGOWONTO,Cilacap,601.7445004128444
WS SERAYU-BOGOWONTO,Kebumen,1334.0995975489398
WS SERAYU-BOGOWONTO,Kendal,0.1232731810098037
WS SERAYU-BOGOWONTO,Kulon Progo,32.02775709740985
WS SERAYU-BOGOWONTO,Magelang,33.84637235277495
WS SERAYU-BOGOWONTO,Pekalongan,2.613626620206113
WS SERAYU-BOGOWONTO,Pemalang,3.6766936003205006
WS SERAYU-BOGOWONTO,Purbalingga,801.5583437190447
WS SERAYU-BOGOWONTO,Purworejo,1077.2226009850683
WS SERAYU-BOGOWONTO,Temanggung,1.188178102100104
WS SERAYU-BOGOWONTO,Wonosobo,1006.2807353285584
WS SERUYAN,Katingan,112.09233303840878
WS SERUYAN,Kotawaringin Barat,667.7912833194358
WS SERUYAN,Kotawaringin Timur,487.1523154041327
WS SERUYAN,Lamandau,33.70846782736557
WS SERUYAN,Melawi,2.002258994984248
WS SERUYAN,Seruyan,13731.4292167822
WS SESAYAP,Bulungan,724.0400574004132
WS SESAYAP,Kota Tarakan,250.9777463066126
WS SESAYAP,Malinau,11388.044951733556
WS SESAYAP,Nunukan,13562.662389407516
WS SESAYAP,Tana Tidung,3504.1482173334502
WS SIAK,Bengkalis,3578.789950245063
WS SIAK,Kampar,3644.765659959394
WS SIAK,Kota Dumai,72.9147363827747
WS SIAK,Kota Pekanbaru,593.0092209307293
WS SIAK,Pelalawan,27.299717288142386
WS SIAK,Rokan Hulu,951.9114669243108
WS SIAK,Siak,5684.676513029031
WS SIBUNDONG-BATANG TORU,Humbang Hasundutan,816.9010710548802
WS SIBUNDONG-BATANG TORU,Kota Sibolga,11.471042164543649
WS SIBUNDONG-BATANG TORU,Mandailing Natal,195.73803334197632
WS SIBUNDONG-BATANG TORU,Sumatera Utara,1.451045387012243
WS SIBUNDONG-BATANG TORU,Tapanuli Selatan,1518.7536451471212
WS SIBUNDONG-BATANG TORU,Tapanuli Tengah,1962.829659864965
WS SIBUNDONG-BATANG TORU,Tapanuli Utara,2825.1659473616223
WS SILAUT-TARUSAN,Kerinci,451.9917109527757
WS SILAUT-TARUSAN,Kota Padang,53.70605587118606
WS SILAUT-TARUSAN,Kota Sungai Penuh,212.1634978828308
WS SILAUT-TARUSAN,Muko Muko,41.20735984411906
WS SILAUT-TARUSAN,Pesisir Selatan,6029.225184254706
WS SILAUT-TARUSAN,Solok,220.16487023114263
WS SILAUT-TARUSAN,Solok Selatan,3.4389729920391106
WS SILAUT-TARUSAN,Sumatera Barat,0.596322280955553
WS SINGKIL-TAPUS-SIRAGIAN,Aceh Barat Daya,0.0803671531674557
WS SINGKIL-TAPUS-SIRAGIAN,Aceh Selatan,548.745681323889
WS SINGKIL-TAPUS-SIRAGIAN,Aceh Singkil,1852.8233906775097
WS SINGKIL-TAPUS-SIRAGIAN,Aceh Tenggara,3194.4887765887547
WS SINGKIL-TAPUS-SIRAGIAN,Dairi,1928.184696112938
WS SINGKIL-TAPUS-SIRAGIAN,Gayo Lues,988.8898595676288
WS SINGKIL-TAPUS-SIRAGIAN,Humbang Hasundutan,1156.912430349937
WS SINGKIL-TAPUS-SIRAGIAN,Indonesia,0.0070684054685373
WS SINGKIL-TAPUS-SIRAGIAN,Karo,807.5134543992053
WS SINGKIL-TAPUS-SIRAGIAN,Kota Subulussalam,1151.4484477668518
WS SINGKIL-TAPUS-SIRAGIAN,Langkat,6.428294247809873
WS SINGKIL-TAPUS-SIRAGIAN,Pakpak Bharat,1365.6073558826035
WS SINGKIL-TAPUS-SIRAGIAN,Samosir,273.5415838689632
WS SINGKIL-TAPUS-SIRAGIAN,Tapanuli Tengah,345.5324909438566
WS SUMBA,Sumba Barat,757.4076387383989
WS SUMBA,Sumba Barat Daya,1383.3122424860574
WS SUMBA,Sumba Tengah,1789.6587178073771
WS SUMBA,Sumba Timur,6983.804619033506
WS SUMBAWA,Bima,4215.587823229745
WS SUMBAWA,Dompu,2281.75195094052
WS SUMBAWA,Kota Bima,207.74962654885752
WS SUMBAWA,Sumbawa,6655.917188202091
WS SUMBAWA,Sumbawa Barat,1743.5798895502835
WS TAMIANG-LANGSA,Aceh Tamiang,2106.7983681975097
WS TAMIANG-LANGSA,Aceh Tengah,52.22922663217521
WS TAMIANG-LANGSA,Aceh Tenggara,15.282802671845722
WS TAMIANG-LANGSA,Aceh Timur,2022.955343574978
WS TAMIANG-LANGSA,Gayo Lues,1828.255335980267
WS TAMIANG-LANGSA,Kota Langsa,224.22022570949943
WS TAMIANG-LANGSA,Langkat,35.88312863180129
WS TERAMANG-MUAR,Bengkulu Utara,5.267568546431663
WS TERAMANG-MUAR,Kerinci,335.36559333655583
WS TERAMANG-MUAR,Lebong,1.2260104442332285
WS TERAMANG-MUAR,Merangin,869.5775609136787
WS TERAMANG-MUAR,Muko Muko,4073.509768655711
WS TERAMANG-MUAR,Pesisir Selatan,13.289136111777331
WS TEUNOM-LAMBEUSO,Aceh Barat,112.0787945317761
WS TEUNOM-LAMBEUSO,Aceh Besar,50.42014182151179
WS TEUNOM-LAMBEUSO,Aceh Jaya,3742.950295179745
WS TEUNOM-LAMBEUSO,Pidie,1297.40225013421
WS TEUNOM-LAMBEUSO,Pidie Jaya,1.4606707589914578
WS TOARI-LASUSUA,Bombana,348.00559958281224
WS TOARI-LASUSUA,Kolaka,2787.5482281521413
WS TOARI-LASUSUA,Kolaka Timur,453.9148581983502
WS TOARI-LASUSUA,Kolaka Utara,2074.859239675455
WS TOARI-LASUSUA,Luwu Timur,68.02235737848022
WS TONDANO-SANGIHE-TALAUD-MIANGAS,Bolaang Mongondow Timur,0.1130751154826148
WS TONDANO-SANGIHE-TALAUD-MIANGAS,Kep. Siau Tagulandang Biaro,216.4119591201903
WS TONDANO-SANGIHE-TALAUD-MIANGAS,Kepulauan Sangihe,595.6253183413336
WS TONDANO-SANGIHE-TALAUD-MIANGAS,Kepulauan Talaud,1011.640754493888
WS TONDANO-SANGIHE-TALAUD-MIANGAS,Kota Bitung,329.72297169641
WS TONDANO-SANGIHE-TALAUD-MIANGAS,Kota Manado,162.2885235699518
WS TONDANO-SANGIHE-TALAUD-MIANGAS,Kota Tomohon,50.01972321467687
WS TONDANO-SANGIHE-TALAUD-MIANGAS,Minahasa,799.4143919148629
WS TONDANO-SANGIHE-TALAUD-MIANGAS,Minahasa Tenggara,470.3266257867225
WS TONDANO-SANGIHE-TALAUD-MIANGAS,Minahasa Utara,995.4534647947368
WS WAMPU-BESITANG,Aceh Tamiang,80.78391586552706
WS WAMPU-BESITANG,Aceh Tenggara,16.83665424625726
WS WAMPU-BESITANG,Dairi,0.0895876271577649
WS WAMPU-BESITANG,Deli Serdang,66.08173994914814
WS WAMPU-BESITANG,Gayo Lues,1.8755116477875808
WS WAMPU-BESITANG,Karo,1276.1827458952553
WS WAMPU-BESITANG,Kota Binjai,63.05143041880834
WS WAMPU-BESITANG,Langkat,5915.147690076982
WS WAMPU-BESITANG,Simalungun,116.479927546439
WS WAPOGA-MIMIKA,Biak Numfor,2255.25567798266
WS WAPOGA-MIMIKA,Deiyai,2408.6007369747504
WS WAPOGA-MIMIKA,Dogiyai,2235.028743230765
WS WAPOGA-MIMIKA,Intan Jaya,1796.1747497319757
WS WAPOGA-MIMIKA,Kaimana,6.041880523620288
WS WAPOGA-MIMIKA,Kepulauan Yapen,2429.0299970390133
WS WAPOGA-MIMIKA,Mamberamo Raya,1555.2755647941856
WS WAPOGA-MIMIKA,Mimika,4389.77462792898
WS WAPOGA-MIMIKA,Nabire,9409.450114054098
WS WAPOGA-MIMIKA,Paniai,4629.15865665604
WS WAPOGA-MIMIKA,Puncak,309.6734698345163
WS WAPOGA-MIMIKA,Supiori,660.5045712484025
WS WAPOGA-MIMIKA,Waropen,7975.324964280853
WS WELANG-PEKALEN,Jember,23.64416635120346
WS WELANG-PEKALEN,Kota Batu,0.3789494389151263
WS WELANG-PEKALEN,Kota Pasuruan,38.99568793277605
WS WELANG-PEKALEN,Kota Probolinggo,54.67556182682723
WS WELANG-PEKALEN,Lumajang,70.72979568810625
WS WELANG-PEKALEN,Malang,78.97558772575482
WS WELANG-PEKALEN,Pasuruan,1120.423337708064
WS WELANG-PEKALEN,Probolinggo,1646.6058413494995
WS WELANG-PEKALEN,Situbondo,25.355537614779475
WS WISO-GELIS,Jepara,600.7002196285048
WS WISO-GELIS,Kudus,0.030705054500992
WS WISO-GELIS,Pati,55.81115806564896
WS WOYLA-BATEE-SIMEULUE,Aceh Barat,2670.794212270296
WS WOYLA-BATEE-SIMEULUE,Aceh Barat Daya,1464.4939425328796
WS WOYLA-BATEE-SIMEULUE,Aceh Jaya,118.19074301538566
WS WOYLA-BATEE-SIMEULUE,Aceh Tengah,1200.8839921673575
WS WOYLA-BATEE-SIMEULUE,Bireuen,6.546764381333097
WS WOYLA-BATEE-SIMEULUE,Gayo Lues,2302.7280056573763
WS WOYLA-BATEE-SIMEULUE,Nagan Raya,3505.426297731044
WS WOYLA-BATEE-SIMEULUE,Pidie,442.88250311597074
WS WOYLA-BATEE-SIMEULUE,Pidie Jaya,0.8003157117983162
WS WOYLA-BATEE-SIMEULUE,Simeulue,1821.7465030729595
